Date_Key,City,Year,Month,Urban_Vehicle_Index,Average_Daily_Trip_Distance_km,Public_Transport_Mode_Share_percent,Average_Fuel_Price_INR_per_liter,Urban_Air_Quality_Index
01-01-2015,Bengaluru,2015,Jan,1.006,6.75,36.5,66.88,110.7
01-01-2015,Mumbai,2015,Jan,1.156,6.44,35.3,64.37,136.1
01-01-2015,Delhi,2015,Jan,1.256,6.98,36.8,66.56,140.9
01-01-2015,Pune,2015,Jan,0.856,9.35,35.9,63.28,127.9
01-01-2015,Hyderabad,2015,Jan,0.906,6.85,36.8,64.9,124.4
01-02-2015,Bengaluru,2015,Feb,0.986,9.47,34.7,64.14,125.9
01-02-2015,Mumbai,2015,Feb,1.136,8.64,35.7,65.83,139.7
01-02-2015,Delhi,2015,Feb,1.236,10.57,34.2,63.98,131.3
01-02-2015,Pune,2015,Feb,0.836,8.74,37.3,64.77,115
01-02-2015,Hyderabad,2015,Feb,0.886,7.01,36.3,66.49,130.9
01-03-2015,Bengaluru,2015,Mar,0.987,8.28,35.2,65.44,138.2
01-03-2015,Mumbai,2015,Mar,1.137,8.27,36.4,65.14,138.4
01-03-2015,Delhi,2015,Mar,1.237,8.76,32.1,64.36,134.8
01-03-2015,Pune,2015,Mar,0.837,7.23,34.4,67.99,114.8
01-03-2015,Hyderabad,2015,Mar,0.887,9.16,31.6,64.33,127.1
01-04-2015,Bengaluru,2015,Apr,1.012,8.85,36.6,64.3,125.9
01-04-2015,Mumbai,2015,Apr,1.162,9.03,34.6,62.45,125.1
01-04-2015,Delhi,2015,Apr,1.262,6.9,36,65.28,147.4
01-04-2015,Pune,2015,Apr,0.862,7.49,35.3,66.25,121.4
01-04-2015,Hyderabad,2015,Apr,0.912,8.55,33.7,64.27,122.7
01-05-2015,Bengaluru,2015,May,0.976,8.58,34.1,65.02,133.8
01-05-2015,Mumbai,2015,May,1.126,8.54,36.3,64.8,130.8
01-05-2015,Delhi,2015,May,1.226,7.9,31.6,62.11,125.8
01-05-2015,Pune,2015,May,0.826,6.8,35.8,63.19,119.3
01-05-2015,Hyderabad,2015,May,0.876,9.56,34.3,66.48,115.7
01-06-2015,Bengaluru,2015,Jun,0.996,6.86,34.3,66.68,112.6
01-06-2015,Mumbai,2015,Jun,1.146,8.52,35.5,63.81,121.4
01-06-2015,Delhi,2015,Jun,1.246,8.09,33.9,65.47,140.1
01-06-2015,Pune,2015,Jun,0.846,9.92,34.5,62.95,125.6
01-06-2015,Hyderabad,2015,Jun,0.896,8.26,37.7,66.67,129.4
01-07-2015,Bengaluru,2015,Jul,1.029,6.57,33.7,63.15,127.3
01-07-2015,Mumbai,2015,Jul,1.179,6.35,36.3,64.56,122.5
01-07-2015,Delhi,2015,Jul,1.279,6.78,35.6,66.68,161.1
01-07-2015,Pune,2015,Jul,0.879,11.5,35.8,63.02,103.8
01-07-2015,Hyderabad,2015,Jul,0.929,8.32,33.4,64.17,121
01-08-2015,Bengaluru,2015,Aug,0.997,9.28,35.3,64.68,119.5
01-08-2015,Mumbai,2015,Aug,1.147,5.99,34,64.89,153.6
01-08-2015,Delhi,2015,Aug,1.247,8.16,37,64,128
01-08-2015,Pune,2015,Aug,0.847,6.84,33.5,69.26,115.7
01-08-2015,Hyderabad,2015,Aug,0.897,9.01,33.2,66.86,129.7
01-09-2015,Bengaluru,2015,Sep,0.997,7.95,33.7,65.89,125.3
01-09-2015,Mumbai,2015,Sep,1.147,6.53,32.4,65.35,151.7
01-09-2015,Delhi,2015,Sep,1.247,8.19,34.8,65.57,152.9
01-09-2015,Pune,2015,Sep,0.847,8.26,34.2,67.21,128.2
01-09-2015,Hyderabad,2015,Sep,0.897,9.84,35.4,62.55,112.2
01-10-2015,Bengaluru,2015,Oct,1.033,10.07,34.6,64.23,145.9
01-10-2015,Mumbai,2015,Oct,1.183,6.67,33.2,66.29,133.4
01-10-2015,Delhi,2015,Oct,1.283,7.99,34.7,65.68,155.4
01-10-2015,Pune,2015,Oct,0.883,8.11,36.3,60.9,124.8
01-10-2015,Hyderabad,2015,Oct,0.933,6.99,32.6,63.24,124
01-11-2015,Bengaluru,2015,Nov,1.018,6.41,35.1,64.03,127.4
01-11-2015,Mumbai,2015,Nov,1.168,9.2,36.1,67.67,135.2
01-11-2015,Delhi,2015,Nov,1.268,7.16,34.6,65.48,142.5
01-11-2015,Pune,2015,Nov,0.868,6.7,35.2,65.46,149.9
01-11-2015,Hyderabad,2015,Nov,0.918,10.25,33.3,64.43,112.1
01-12-2015,Bengaluru,2015,Dec,0.988,8.38,37.4,63.54,123
01-12-2015,Mumbai,2015,Dec,1.138,5.42,34.7,62.88,130.2
01-12-2015,Delhi,2015,Dec,1.238,6.95,34.8,61.48,124.8
01-12-2015,Pune,2015,Dec,0.838,10.56,32.4,62.81,141.9
01-12-2015,Hyderabad,2015,Dec,0.888,11.49,32.7,64.26,128.9
01-01-2016,Bengaluru,2016,Jan,1.075,6.94,33.7,69.55,137.3
01-01-2016,Mumbai,2016,Jan,1.225,7.67,33.9,65.25,136.6
01-01-2016,Delhi,2016,Jan,1.325,7.8,34.7,66.89,147.7
01-01-2016,Pune,2016,Jan,0.925,9.34,34.5,68.7,127.5
01-01-2016,Hyderabad,2016,Jan,0.975,8.12,32.8,68.63,128
01-02-2016,Bengaluru,2016,Feb,1.082,10.01,35,66.47,122.2
01-02-2016,Mumbai,2016,Feb,1.232,9.55,34.7,68.96,121.8
01-02-2016,Delhi,2016,Feb,1.332,9.23,35.1,65.78,138.6
01-02-2016,Pune,2016,Feb,0.932,8.44,34.3,67.42,126.2
01-02-2016,Hyderabad,2016,Feb,0.982,7.82,34.5,70.94,103.6
01-03-2016,Bengaluru,2016,Mar,1.035,8.33,34.8,67.26,113.8
01-03-2016,Mumbai,2016,Mar,1.185,8.51,37.7,64.93,146
01-03-2016,Delhi,2016,Mar,1.285,7.73,34.1,65.89,138.1
01-03-2016,Pune,2016,Mar,0.885,9.68,35.4,71.46,137.2
01-03-2016,Hyderabad,2016,Mar,0.935,8.65,37.7,68.88,135.7
01-04-2016,Bengaluru,2016,Apr,1.034,8.2,32.8,69.98,119.6
01-04-2016,Mumbai,2016,Apr,1.184,9.06,33.8,70.34,144.9
01-04-2016,Delhi,2016,Apr,1.284,10.3,35.7,64.86,140.7
01-04-2016,Pune,2016,Apr,0.884,6.71,33.2,71.02,131.7
01-04-2016,Hyderabad,2016,Apr,0.934,7.28,32.2,68.07,115.2
01-05-2016,Bengaluru,2016,May,1.027,8.49,36.5,69.22,108.2
01-05-2016,Mumbai,2016,May,1.177,8.49,34.3,68.83,153.2
01-05-2016,Delhi,2016,May,1.277,5.64,33,69.18,125.3
01-05-2016,Pune,2016,May,0.877,9.89,34.9,69.69,119.4
01-05-2016,Hyderabad,2016,May,0.927,9.1,36.3,68.47,129.4
01-06-2016,Bengaluru,2016,Jun,1.045,7.08,33.9,67.69,135.6
01-06-2016,Mumbai,2016,Jun,1.195,9.32,32.1,67.75,152.6
01-06-2016,Delhi,2016,Jun,1.295,7.23,32.6,68.4,150.2
01-06-2016,Pune,2016,Jun,0.895,8.13,36.9,69.71,134.2
01-06-2016,Hyderabad,2016,Jun,0.945,8.78,38.9,67.59,107.8
01-07-2016,Bengaluru,2016,Jul,1.072,7.57,34.4,70.62,116.9
01-07-2016,Mumbai,2016,Jul,1.222,6.62,31,66.41,143.3
01-07-2016,Delhi,2016,Jul,1.322,8.75,34.8,65.17,119.8
01-07-2016,Pune,2016,Jul,0.922,8.19,33.3,68.92,133.9
01-07-2016,Hyderabad,2016,Jul,0.972,8.29,35.7,68.46,134.2
01-08-2016,Bengaluru,2016,Aug,1.026,7.9,34.6,69.64,127.1
01-08-2016,Mumbai,2016,Aug,1.176,8.75,33.7,67.76,145.3
01-08-2016,Delhi,2016,Aug,1.276,5.73,31.6,65.04,117.7
01-08-2016,Pune,2016,Aug,0.876,7.31,35.7,67.43,127
01-08-2016,Hyderabad,2016,Aug,0.926,9.43,36.9,67.86,140.6
01-09-2016,Bengaluru,2016,Sep,1.042,7.12,33,65.04,122.8
01-09-2016,Mumbai,2016,Sep,1.192,7.69,35.8,71.44,123.9
01-09-2016,Delhi,2016,Sep,1.292,8.59,32.1,68.95,140.4
01-09-2016,Pune,2016,Sep,0.892,5.92,36.1,66.79,120.3
01-09-2016,Hyderabad,2016,Sep,0.942,6.84,32.9,68.86,125.8
01-10-2016,Bengaluru,2016,Oct,1.047,8.55,36.8,67.31,117.1
01-10-2016,Mumbai,2016,Oct,1.197,9.4,33.5,70.23,141.7
01-10-2016,Delhi,2016,Oct,1.297,7.96,34.9,71.9,162.6
01-10-2016,Pune,2016,Oct,0.897,8.2,34.5,70.15,117.4
01-10-2016,Hyderabad,2016,Oct,0.947,8.52,34.1,68.63,119.5
01-11-2016,Bengaluru,2016,Nov,1.008,5.63,32,67.08,127.4
01-11-2016,Mumbai,2016,Nov,1.158,10.44,36.4,66.08,139.8
01-11-2016,Delhi,2016,Nov,1.258,7.63,33.6,68.37,146.5
01-11-2016,Pune,2016,Nov,0.858,7.71,36.3,65.72,124.4
01-11-2016,Hyderabad,2016,Nov,0.908,11.24,34.6,70.87,127.2
01-12-2016,Bengaluru,2016,Dec,1.052,8.05,33.9,66.44,136.4
01-12-2016,Mumbai,2016,Dec,1.202,7.1,35.5,70.17,141.7
01-12-2016,Delhi,2016,Dec,1.302,7.78,35.1,67.38,151.4
01-12-2016,Pune,2016,Dec,0.902,5.92,33.5,64.02,111.1
01-12-2016,Hyderabad,2016,Dec,0.952,9.76,36,66.56,113.1
01-01-2017,Bengaluru,2017,Jan,1.021,7.59,38.2,71.87,125.2
01-01-2017,Mumbai,2017,Jan,1.171,8.8,30.3,70.41,137.8
01-01-2017,Delhi,2017,Jan,1.271,8.14,35,71.69,147.5
01-01-2017,Pune,2017,Jan,0.871,7.41,35.2,74.26,115.1
01-01-2017,Hyderabad,2017,Jan,0.921,7.17,36.1,70.62,140.9
01-02-2017,Bengaluru,2017,Feb,1.071,9.99,33.7,71.52,148.5
01-02-2017,Mumbai,2017,Feb,1.221,7.81,31.5,70.1,143.4
01-02-2017,Delhi,2017,Feb,1.321,6.36,34.7,69.92,154.3
01-02-2017,Pune,2017,Feb,0.921,5.37,31.8,67.63,118.6
01-02-2017,Hyderabad,2017,Feb,0.971,8.54,33,70.49,127.2
01-03-2017,Bengaluru,2017,Mar,1.084,7.03,34.8,72.33,137.2
01-03-2017,Mumbai,2017,Mar,1.234,8.91,34,75.07,138.5
01-03-2017,Delhi,2017,Mar,1.334,7.87,31.9,68.94,130.9
01-03-2017,Pune,2017,Mar,0.934,7.17,33.3,71.67,127.9
01-03-2017,Hyderabad,2017,Mar,0.984,7.32,35.2,72.48,127.8
01-04-2017,Bengaluru,2017,Apr,1.067,8.9,33.8,68.1,132
01-04-2017,Mumbai,2017,Apr,1.217,8.55,31.6,71.38,124.1
01-04-2017,Delhi,2017,Apr,1.317,9.84,35.9,70.49,146.3
01-04-2017,Pune,2017,Apr,0.917,5.35,31.1,70.41,116
01-04-2017,Hyderabad,2017,Apr,0.967,9.1,37.4,68.65,120.3
01-05-2017,Bengaluru,2017,May,1.085,10.17,31,71.5,151.6
01-05-2017,Mumbai,2017,May,1.235,6.26,30.8,70.15,134.2
01-05-2017,Delhi,2017,May,1.335,9.22,33.9,67.45,148.6
01-05-2017,Pune,2017,May,0.935,7.55,35.9,69.74,121
01-05-2017,Hyderabad,2017,May,0.985,8.89,34.9,71.9,112.5
01-06-2017,Bengaluru,2017,Jun,1.091,7,33.9,68.15,138.1
01-06-2017,Mumbai,2017,Jun,1.241,7.27,30.8,72.43,142.1
01-06-2017,Delhi,2017,Jun,1.341,7.5,36.3,70.12,144
01-06-2017,Pune,2017,Jun,0.941,8.56,32.2,71.94,122.3
01-06-2017,Hyderabad,2017,Jun,0.991,7.75,36.1,68.92,105.5
01-07-2017,Bengaluru,2017,Jul,1.112,11.3,32.6,67.13,131.4
01-07-2017,Mumbai,2017,Jul,1.262,7.9,33,68.77,146.3
01-07-2017,Delhi,2017,Jul,1.362,8.87,30.4,72.4,165
01-07-2017,Pune,2017,Jul,0.962,8.45,32.7,70.72,134.6
01-07-2017,Hyderabad,2017,Jul,1.012,6.16,33.7,70.22,149
01-08-2017,Bengaluru,2017,Aug,1.077,10.24,31.2,72.17,136.3
01-08-2017,Mumbai,2017,Aug,1.227,7.2,33.8,73.43,135.8
01-08-2017,Delhi,2017,Aug,1.327,6.21,33.4,69.2,139.7
01-08-2017,Pune,2017,Aug,0.927,8.14,30,67.77,131.9
01-08-2017,Hyderabad,2017,Aug,0.977,7.61,28.3,72.57,131.8
01-09-2017,Bengaluru,2017,Sep,1.066,6.66,35.1,71.7,156.5
01-09-2017,Mumbai,2017,Sep,1.216,8.74,34.2,70.67,146.8
01-09-2017,Delhi,2017,Sep,1.316,8.99,35.9,69.96,138.3
01-09-2017,Pune,2017,Sep,0.916,7.67,35,74,122.1
01-09-2017,Hyderabad,2017,Sep,0.966,7.73,34,70.51,138.2
01-10-2017,Bengaluru,2017,Oct,1.035,7.25,31.8,66.36,121.8
01-10-2017,Mumbai,2017,Oct,1.185,7.14,33,73.23,134.9
01-10-2017,Delhi,2017,Oct,1.285,7,33.3,73.1,131.6
01-10-2017,Pune,2017,Oct,0.885,7.15,34.5,70.56,131.9
01-10-2017,Hyderabad,2017,Oct,0.935,8.22,34.8,68.93,127.3
01-11-2017,Bengaluru,2017,Nov,1.076,6.78,30.3,72.37,129.5
01-11-2017,Mumbai,2017,Nov,1.226,7.01,33.2,73.26,116.2
01-11-2017,Delhi,2017,Nov,1.326,6.44,31.6,73.92,145.9
01-11-2017,Pune,2017,Nov,0.926,9.16,31.1,68.76,131.5
01-11-2017,Hyderabad,2017,Nov,0.976,8.31,34.5,70.62,131.8
01-12-2017,Bengaluru,2017,Dec,1.083,9.17,35,67.76,110.8
01-12-2017,Mumbai,2017,Dec,1.233,9.44,35.8,68.96,120.7
01-12-2017,Delhi,2017,Dec,1.333,8.36,35.3,74.6,148.5
01-12-2017,Pune,2017,Dec,0.933,7.79,31.6,71.02,124.3
01-12-2017,Hyderabad,2017,Dec,0.983,7.02,37.5,74.57,140.7
01-01-2018,Bengaluru,2018,Jan,1.102,9.39,33.9,74.89,146.6
01-01-2018,Mumbai,2018,Jan,1.252,9.12,34.1,75.27,143.5
01-01-2018,Delhi,2018,Jan,1.352,6.22,32.8,72.89,131.3
01-01-2018,Pune,2018,Jan,0.952,10.38,36.1,76.72,130.6
01-01-2018,Hyderabad,2018,Jan,1.002,9.98,32.6,74.41,119.1
01-02-2018,Bengaluru,2018,Feb,1.128,8.43,30,73.9,134.3
01-02-2018,Mumbai,2018,Feb,1.278,10.52,34.4,74.02,143.6
01-02-2018,Delhi,2018,Feb,1.378,8.41,32.2,71.84,143.6
01-02-2018,Pune,2018,Feb,0.978,7.46,30.1,75.02,133
01-02-2018,Hyderabad,2018,Feb,1.028,6.22,32.4,75.99,141.7
01-03-2018,Bengaluru,2018,Mar,1.141,8.41,30.9,71.83,139.1
01-03-2018,Mumbai,2018,Mar,1.291,8.82,35.2,76.2,140.3
01-03-2018,Delhi,2018,Mar,1.391,6.87,32,74.43,143.6
01-03-2018,Pune,2018,Mar,0.991,7.67,33.1,72.99,123.4
01-03-2018,Hyderabad,2018,Mar,1.041,8.73,31.8,74.49,134.4
01-04-2018,Bengaluru,2018,Apr,1.097,7.78,35.5,71.68,112.7
01-04-2018,Mumbai,2018,Apr,1.247,6.13,32.7,74.06,138.7
01-04-2018,Delhi,2018,Apr,1.347,9.82,27.3,74.79,159.5
01-04-2018,Pune,2018,Apr,0.947,7.01,31.8,72.49,118.9
01-04-2018,Hyderabad,2018,Apr,0.997,7.97,35.5,77.67,126.5
01-05-2018,Bengaluru,2018,May,1.158,8.4,36.1,73.81,137.6
01-05-2018,Mumbai,2018,May,1.308,8.8,39,75.7,135.2
01-05-2018,Delhi,2018,May,1.408,9.52,31.9,73.02,155.4
01-05-2018,Pune,2018,May,1.008,8.4,33.2,74.03,133.7
01-05-2018,Hyderabad,2018,May,1.058,8.87,28.7,75.33,122.5
01-06-2018,Bengaluru,2018,Jun,1.091,8.29,32.8,72.61,142
01-06-2018,Mumbai,2018,Jun,1.241,6.75,31.8,72.83,139.2
01-06-2018,Delhi,2018,Jun,1.341,8.69,30.6,75.45,144.3
01-06-2018,Pune,2018,Jun,0.941,6.09,28.7,73.98,125.4
01-06-2018,Hyderabad,2018,Jun,0.991,8.24,32.5,74.45,139.1
01-07-2018,Bengaluru,2018,Jul,1.098,6.95,30.4,74.58,146.4
01-07-2018,Mumbai,2018,Jul,1.248,7.84,27.6,70.59,131.6
01-07-2018,Delhi,2018,Jul,1.348,7.69,31.8,74.08,140.8
01-07-2018,Pune,2018,Jul,0.948,9.62,31.2,72.28,132.7
01-07-2018,Hyderabad,2018,Jul,0.998,6.52,33.4,74.21,128.4
01-08-2018,Bengaluru,2018,Aug,1.152,7.61,36.7,73.55,123.3
01-08-2018,Mumbai,2018,Aug,1.302,8.44,30.4,72.5,146.1
01-08-2018,Delhi,2018,Aug,1.402,9.03,31.4,75.97,157.7
01-08-2018,Pune,2018,Aug,1.002,10.08,33.7,76.73,111.3
01-08-2018,Hyderabad,2018,Aug,1.052,7.98,30.9,74.24,126.4
01-09-2018,Bengaluru,2018,Sep,1.117,10.62,32.3,74.83,132.4
01-09-2018,Mumbai,2018,Sep,1.267,8.45,32.6,74.9,152.3
01-09-2018,Delhi,2018,Sep,1.367,10.34,33.2,75.18,133.2
01-09-2018,Pune,2018,Sep,0.967,8.25,34.5,75.73,130.8
01-09-2018,Hyderabad,2018,Sep,1.017,9.42,33.6,76.4,133.6
01-10-2018,Bengaluru,2018,Oct,1.113,8.76,26.7,74.77,98
01-10-2018,Mumbai,2018,Oct,1.263,6.29,33.5,74.96,128.9
01-10-2018,Delhi,2018,Oct,1.363,7.51,35.3,73.03,166.9
01-10-2018,Pune,2018,Oct,0.963,8.36,33.4,77.23,129.8
01-10-2018,Hyderabad,2018,Oct,1.013,7.16,32.4,73.93,116.9
01-11-2018,Bengaluru,2018,Nov,1.115,7.47,34.4,74.07,131.8
01-11-2018,Mumbai,2018,Nov,1.265,8.23,33,75.23,130.6
01-11-2018,Delhi,2018,Nov,1.365,7.11,34.8,73.18,130.4
01-11-2018,Pune,2018,Nov,0.965,8.89,33.5,70.94,130.9
01-11-2018,Hyderabad,2018,Nov,1.015,9.24,33.3,75.26,116.6
01-12-2018,Bengaluru,2018,Dec,1.127,8,31.6,75.74,149.9
01-12-2018,Mumbai,2018,Dec,1.277,10.51,35.2,73.78,144.6
01-12-2018,Delhi,2018,Dec,1.377,9.28,32.8,74.26,153.3
01-12-2018,Pune,2018,Dec,0.977,8.29,31.1,73.17,135.4
01-12-2018,Hyderabad,2018,Dec,1.027,8.36,33.3,75.34,127.3
01-01-2019,Bengaluru,2019,Jan,1.175,8.93,29.3,79.88,132
01-01-2019,Mumbai,2019,Jan,1.325,6.49,29.7,74.96,143.5
01-01-2019,Delhi,2019,Jan,1.425,8.15,31.1,78.24,150.4
01-01-2019,Pune,2019,Jan,1.025,8.86,32.6,78.23,109.9
01-01-2019,Hyderabad,2019,Jan,1.075,8.04,27.4,77.07,133
01-02-2019,Bengaluru,2019,Feb,1.181,9.91,32.2,76,142.1
01-02-2019,Mumbai,2019,Feb,1.331,7.85,31.8,78.97,137.7
01-02-2019,Delhi,2019,Feb,1.431,9.45,33.2,75.09,157
01-02-2019,Pune,2019,Feb,1.031,9.32,32,75.48,122.6
01-02-2019,Hyderabad,2019,Feb,1.081,7.83,32.9,75.09,137.6
01-03-2019,Bengaluru,2019,Mar,1.135,8.24,32,81.89,121.6
01-03-2019,Mumbai,2019,Mar,1.285,10.25,32.1,77.82,142.6
01-03-2019,Delhi,2019,Mar,1.385,9.01,31.5,79.91,140.8
01-03-2019,Pune,2019,Mar,0.985,9.84,30.5,76.88,118.7
01-03-2019,Hyderabad,2019,Mar,1.035,9.03,34.7,76.85,129.4
01-04-2019,Bengaluru,2019,Apr,1.138,8.2,28.6,75.17,137.8
01-04-2019,Mumbai,2019,Apr,1.288,10.06,37.4,75.83,155.9
01-04-2019,Delhi,2019,Apr,1.388,8.77,31.5,77.87,146.1
01-04-2019,Pune,2019,Apr,0.988,8.61,31,74.2,114.1
01-04-2019,Hyderabad,2019,Apr,1.038,9.26,31.2,75.81,131.6
01-05-2019,Bengaluru,2019,May,1.176,8.7,30.5,79.45,152.8
01-05-2019,Mumbai,2019,May,1.326,9.07,33.7,79.48,154.3
01-05-2019,Delhi,2019,May,1.426,9.22,33,78.04,136.1
01-05-2019,Pune,2019,May,1.026,9.32,29.1,75.41,144.1
01-05-2019,Hyderabad,2019,May,1.076,9.49,34.8,76.46,121.5
01-06-2019,Bengaluru,2019,Jun,1.155,8.6,32,79.27,132.6
01-06-2019,Mumbai,2019,Jun,1.305,8.9,29.8,77.9,142.2
01-06-2019,Delhi,2019,Jun,1.405,7.58,31.3,76.63,143.5
01-06-2019,Pune,2019,Jun,1.005,10.61,31.6,76.51,109.2
01-06-2019,Hyderabad,2019,Jun,1.055,7.41,31.3,75.63,146
01-07-2019,Bengaluru,2019,Jul,1.157,10.03,31.9,77.07,135.4
01-07-2019,Mumbai,2019,Jul,1.307,8.48,35.2,72.36,122.3
01-07-2019,Delhi,2019,Jul,1.407,7.83,31.8,78.38,151
01-07-2019,Pune,2019,Jul,1.007,8.02,33.8,79.06,132.1
01-07-2019,Hyderabad,2019,Jul,1.057,9.64,32.3,75.88,139.3
01-08-2019,Bengaluru,2019,Aug,1.162,8.48,34.7,72.1,122.3
01-08-2019,Mumbai,2019,Aug,1.312,7.06,31.1,76.49,127.4
01-08-2019,Delhi,2019,Aug,1.412,7.3,30.1,81.91,164.5
01-08-2019,Pune,2019,Aug,1.012,7.99,31.1,74.7,111.4
01-08-2019,Hyderabad,2019,Aug,1.062,8.34,29.8,76.83,116.5
01-09-2019,Bengaluru,2019,Sep,1.145,8.66,32.5,77.83,122.6
01-09-2019,Mumbai,2019,Sep,1.295,9.51,30.2,78.27,141.7
01-09-2019,Delhi,2019,Sep,1.395,6.83,31.2,77.73,151.9
01-09-2019,Pune,2019,Sep,0.995,8.31,34.9,79.02,127.2
01-09-2019,Hyderabad,2019,Sep,1.045,9.38,35.7,80.92,119.5
01-10-2019,Bengaluru,2019,Oct,1.141,10.26,29.7,74.35,130.8
01-10-2019,Mumbai,2019,Oct,1.291,8.98,31.6,75.7,134.9
01-10-2019,Delhi,2019,Oct,1.391,7.63,30,81.56,148.6
01-10-2019,Pune,2019,Oct,0.991,9.54,30.8,76.63,122.5
01-10-2019,Hyderabad,2019,Oct,1.041,5.3,29,73.38,109.1
01-11-2019,Bengaluru,2019,Nov,1.136,10.07,31.7,79.58,139.5
01-11-2019,Mumbai,2019,Nov,1.286,9.42,30,78.05,148.7
01-11-2019,Delhi,2019,Nov,1.386,7.79,32.9,78.13,139.9
01-11-2019,Pune,2019,Nov,0.986,7.13,29.4,77.17,132.7
01-11-2019,Hyderabad,2019,Nov,1.036,7.53,31.9,78.14,137.6
01-12-2019,Bengaluru,2019,Dec,1.191,10.01,29.8,80.37,132.3
01-12-2019,Mumbai,2019,Dec,1.341,9.73,31.9,76.18,125.6
01-12-2019,Delhi,2019,Dec,1.441,8.27,28.7,78.93,162.8
01-12-2019,Pune,2019,Dec,1.041,7.52,32.4,75.55,125.4
01-12-2019,Hyderabad,2019,Dec,1.091,9.41,31.7,80.48,128.8
01-01-2020,Bengaluru,2020,Jan,1.22,8.72,32.6,79.11,138.3
01-01-2020,Mumbai,2020,Jan,1.37,8.46,29.3,81.32,151.3
01-01-2020,Delhi,2020,Jan,1.47,9.31,34.1,82.9,145.1
01-01-2020,Pune,2020,Jan,1.07,9.05,29.8,80.05,126.8
01-01-2020,Hyderabad,2020,Jan,1.12,10.54,31.7,79.56,146.7
01-02-2020,Bengaluru,2020,Feb,1.157,6.18,32.6,80.12,138.8
01-02-2020,Mumbai,2020,Feb,1.307,7.01,31,84.01,150.5
01-02-2020,Delhi,2020,Feb,1.407,8.8,30.1,79.21,125
01-02-2020,Pune,2020,Feb,1.007,8.91,32.7,76.85,123.7
01-02-2020,Hyderabad,2020,Feb,1.057,7.21,29.1,80.11,111.4
01-03-2020,Bengaluru,2020,Mar,1.212,9.5,30.5,75.04,128.5
01-03-2020,Mumbai,2020,Mar,1.362,10.08,25.4,79.3,132.7
01-03-2020,Delhi,2020,Mar,1.462,9.57,29.6,80.81,154.1
01-03-2020,Pune,2020,Mar,1.062,10.8,30.6,80.75,117.6
01-03-2020,Hyderabad,2020,Mar,1.112,10.03,29.5,78.88,134.3
01-04-2020,Bengaluru,2020,Apr,1.169,8.87,32.9,80.59,120.9
01-04-2020,Mumbai,2020,Apr,1.319,8.45,32.5,76.24,132
01-04-2020,Delhi,2020,Apr,1.419,9.65,31.5,80.82,165.4
01-04-2020,Pune,2020,Apr,1.019,9.16,32.3,85.42,128.6
01-04-2020,Hyderabad,2020,Apr,1.069,7.64,31.9,80.88,127.5
01-05-2020,Bengaluru,2020,May,1.179,11.37,31.7,78.54,146.3
01-05-2020,Mumbai,2020,May,1.329,8.47,30.5,81.12,130.2
01-05-2020,Delhi,2020,May,1.429,9.02,34.8,80.93,143.4
01-05-2020,Pune,2020,May,1.029,7.99,30.2,79.49,127.4
01-05-2020,Hyderabad,2020,May,1.079,9.7,27.5,81.72,129.4
01-06-2020,Bengaluru,2020,Jun,1.208,7.25,33.7,82.49,147.9
01-06-2020,Mumbai,2020,Jun,1.358,6.78,32.7,80.81,128.3
01-06-2020,Delhi,2020,Jun,1.458,8.57,31.7,81.11,150.1
01-06-2020,Pune,2020,Jun,1.058,8.95,33.9,82.45,103.6
01-06-2020,Hyderabad,2020,Jun,1.108,8.22,30.7,76.5,135.3
01-07-2020,Bengaluru,2020,Jul,1.225,7.3,31.7,78.17,132.3
01-07-2020,Mumbai,2020,Jul,1.375,10.37,29.9,80.92,126.3
01-07-2020,Delhi,2020,Jul,1.475,10.83,32.2,79.64,154.8
01-07-2020,Pune,2020,Jul,1.075,6.91,33.4,79.35,131
01-07-2020,Hyderabad,2020,Jul,1.125,8.01,29.8,81.39,137.6
01-08-2020,Bengaluru,2020,Aug,1.213,8.59,32,79.16,160.8
01-08-2020,Mumbai,2020,Aug,1.363,6.72,33.5,82.74,136
01-08-2020,Delhi,2020,Aug,1.463,11.28,33,81.94,148.8
01-08-2020,Pune,2020,Aug,1.063,8.34,30.6,80.78,146.5
01-08-2020,Hyderabad,2020,Aug,1.113,8.82,29.2,81.65,143.7
01-09-2020,Bengaluru,2020,Sep,1.213,9.49,30.5,78.14,129.8
01-09-2020,Mumbai,2020,Sep,1.363,6.64,31.5,79.83,140.1
01-09-2020,Delhi,2020,Sep,1.463,5.05,28.5,82.24,141.9
01-09-2020,Pune,2020,Sep,1.063,9.03,28.2,82.88,131.1
01-09-2020,Hyderabad,2020,Sep,1.113,8.95,35.7,83.03,131.5
01-10-2020,Bengaluru,2020,Oct,1.188,8.21,32,79.79,133.6
01-10-2020,Mumbai,2020,Oct,1.338,10.36,30.8,84.6,144.4
01-10-2020,Delhi,2020,Oct,1.438,10.74,31.7,81.93,140.3
01-10-2020,Pune,2020,Oct,1.038,7.58,31.9,81.98,131.9
01-10-2020,Hyderabad,2020,Oct,1.088,7.06,28.3,77.15,115.8
01-11-2020,Bengaluru,2020,Nov,1.202,9.95,31,75.48,136.2
01-11-2020,Mumbai,2020,Nov,1.352,8.4,35.2,77.09,140.2
01-11-2020,Delhi,2020,Nov,1.452,10.65,31.9,81.13,149.2
01-11-2020,Pune,2020,Nov,1.052,9,32.6,78.38,140.9
01-11-2020,Hyderabad,2020,Nov,1.102,6.95,31.7,80.36,127.9
01-12-2020,Bengaluru,2020,Dec,1.2,7.85,28.9,79.29,127
01-12-2020,Mumbai,2020,Dec,1.35,8.99,28.7,81.42,132.2
01-12-2020,Delhi,2020,Dec,1.45,7.92,29.8,82.65,151.3
01-12-2020,Pune,2020,Dec,1.05,8.35,32,75.79,131.6
01-12-2020,Hyderabad,2020,Dec,1.1,11,31.3,80.14,139.5
01-01-2021,Bengaluru,2021,Jan,1.258,6.32,26.8,83.42,133.2
01-01-2021,Mumbai,2021,Jan,1.408,10.29,29.6,79.13,133.6
01-01-2021,Delhi,2021,Jan,1.508,5.42,29.7,82.62,146.1
01-01-2021,Pune,2021,Jan,1.108,10.01,32.6,82.66,113
01-01-2021,Hyderabad,2021,Jan,1.158,9.46,31.3,83.62,146.1
01-02-2021,Bengaluru,2021,Feb,1.217,11.13,28.3,84.5,121.8
01-02-2021,Mumbai,2021,Feb,1.367,7.6,33.2,82.48,153.1
01-02-2021,Delhi,2021,Feb,1.467,9,30,85.73,146.3
01-02-2021,Pune,2021,Feb,1.067,6.58,28.6,84.1,136.6
01-02-2021,Hyderabad,2021,Feb,1.117,6.84,28.8,81.84,131
01-03-2021,Bengaluru,2021,Mar,1.212,7.97,28.7,84.54,146.6
01-03-2021,Mumbai,2021,Mar,1.362,8.55,29.4,83.28,136.3
01-03-2021,Delhi,2021,Mar,1.462,7.34,28.3,81.73,136.8
01-03-2021,Pune,2021,Mar,1.062,8.91,31.7,79.83,132.7
01-03-2021,Hyderabad,2021,Mar,1.112,8.46,30.9,82.97,119.9
01-04-2021,Bengaluru,2021,Apr,1.215,8.76,32.3,78.57,142.1
01-04-2021,Mumbai,2021,Apr,1.365,10.15,29.9,84.1,137.6
01-04-2021,Delhi,2021,Apr,1.465,8.58,27,78.31,158
01-04-2021,Pune,2021,Apr,1.065,7.54,29.3,80.23,118.5
01-04-2021,Hyderabad,2021,Apr,1.115,8.51,28.7,83.76,139.1
01-05-2021,Bengaluru,2021,May,1.246,9.01,33.4,80.86,139.3
01-05-2021,Mumbai,2021,May,1.396,10.08,32.7,80.16,142.7
01-05-2021,Delhi,2021,May,1.496,10.35,31.2,83.39,147.7
01-05-2021,Pune,2021,May,1.096,8.26,30.8,82.5,133.4
01-05-2021,Hyderabad,2021,May,1.146,8.81,28.8,84.06,165
01-06-2021,Bengaluru,2021,Jun,1.204,9.11,28.7,84.15,138.6
01-06-2021,Mumbai,2021,Jun,1.354,9.63,32.6,83.38,155.5
01-06-2021,Delhi,2021,Jun,1.454,5.91,33.4,83.75,158.9
01-06-2021,Pune,2021,Jun,1.054,7.26,28.5,83.29,132
01-06-2021,Hyderabad,2021,Jun,1.104,9.06,32.4,79.47,143.9
01-07-2021,Bengaluru,2021,Jul,1.24,8.48,27.3,84.01,115.5
01-07-2021,Mumbai,2021,Jul,1.39,9.5,27.2,83.11,144.4
01-07-2021,Delhi,2021,Jul,1.49,10.12,29.8,81.61,144.5
01-07-2021,Pune,2021,Jul,1.09,10.25,31.3,82.23,131.2
01-07-2021,Hyderabad,2021,Jul,1.14,6.84,31,79.48,143.1
01-08-2021,Bengaluru,2021,Aug,1.243,11.58,28,82.79,157.7
01-08-2021,Mumbai,2021,Aug,1.393,10.15,28.8,83.45,145.7
01-08-2021,Delhi,2021,Aug,1.493,9.06,28.8,82.82,133.7
01-08-2021,Pune,2021,Aug,1.093,8.88,31.1,82.55,117.6
01-08-2021,Hyderabad,2021,Aug,1.143,9.91,30.9,81.55,132.9
01-09-2021,Bengaluru,2021,Sep,1.21,7.49,29.1,85.46,132
01-09-2021,Mumbai,2021,Sep,1.36,9.49,29.1,83.5,143
01-09-2021,Delhi,2021,Sep,1.46,9.77,29.1,79.85,134.6
01-09-2021,Pune,2021,Sep,1.06,8.08,27.7,83.82,127.7
01-09-2021,Hyderabad,2021,Sep,1.11,11.57,26.7,83.41,123.1
01-10-2021,Bengaluru,2021,Oct,1.23,8.89,25.5,83.47,158.2
01-10-2021,Mumbai,2021,Oct,1.38,8.18,30.7,85.05,143.6
01-10-2021,Delhi,2021,Oct,1.48,8.02,25.6,84.28,148.1
01-10-2021,Pune,2021,Oct,1.08,7.5,30.5,81.83,127.9
01-10-2021,Hyderabad,2021,Oct,1.13,9.45,27.5,85.09,121.2
01-11-2021,Bengaluru,2021,Nov,1.227,11.03,32.5,83.2,129.7
01-11-2021,Mumbai,2021,Nov,1.377,8.08,30.3,83.08,144.2
01-11-2021,Delhi,2021,Nov,1.477,8.68,29.8,80.12,143.9
01-11-2021,Pune,2021,Nov,1.077,9.82,27.5,82.62,124.9
01-11-2021,Hyderabad,2021,Nov,1.127,8.85,29.4,85.95,140.1
01-12-2021,Bengaluru,2021,Dec,1.214,9.53,28.7,81.85,141.7
01-12-2021,Mumbai,2021,Dec,1.364,8.13,32,81.45,138.4
01-12-2021,Delhi,2021,Dec,1.464,7.93,29.1,85.2,154.8
01-12-2021,Pune,2021,Dec,1.064,10.77,34.7,80.94,133.3
01-12-2021,Hyderabad,2021,Dec,1.114,7.31,28.6,81.74,124
01-01-2022,Bengaluru,2022,Jan,1.259,8.67,27,87.68,131.2
01-01-2022,Mumbai,2022,Jan,1.409,12.21,28.5,86.14,133.4
01-01-2022,Delhi,2022,Jan,1.509,10.89,31.6,86.59,136.9
01-01-2022,Pune,2022,Jan,1.109,9.09,27.2,88.92,142.5
01-01-2022,Hyderabad,2022,Jan,1.159,8.95,24.5,84.03,143.2
01-02-2022,Bengaluru,2022,Feb,1.304,10.17,26.2,86.6,152.3
01-02-2022,Mumbai,2022,Feb,1.454,6.85,29.4,86.55,145.2
01-02-2022,Delhi,2022,Feb,1.554,6.62,28.7,85.35,150.7
01-02-2022,Pune,2022,Feb,1.154,8.16,28.5,85.92,140.6
01-02-2022,Hyderabad,2022,Feb,1.204,8.47,28.6,86.18,119
01-03-2022,Bengaluru,2022,Mar,1.29,8.84,29.5,87.92,122.1
01-03-2022,Mumbai,2022,Mar,1.44,6.47,29.9,85.99,149.3
01-03-2022,Delhi,2022,Mar,1.54,8.29,30.7,87.87,156.4
01-03-2022,Pune,2022,Mar,1.14,8.53,25.2,87.54,147.8
01-03-2022,Hyderabad,2022,Mar,1.19,9.61,27.6,87.35,146.2
01-04-2022,Bengaluru,2022,Apr,1.311,7.79,28.9,87.49,143
01-04-2022,Mumbai,2022,Apr,1.461,7.5,30.2,87.16,149.3
01-04-2022,Delhi,2022,Apr,1.561,9.1,28.9,88.96,143.4
01-04-2022,Pune,2022,Apr,1.161,8.14,29.4,87.76,121.5
01-04-2022,Hyderabad,2022,Apr,1.211,7.27,25.3,86.07,127.3
01-05-2022,Bengaluru,2022,May,1.272,9.63,28.1,86.46,137.9
01-05-2022,Mumbai,2022,May,1.422,9.65,30.4,84.62,145.2
01-05-2022,Delhi,2022,May,1.522,10.09,30.2,83.21,157.4
01-05-2022,Pune,2022,May,1.122,7.54,32.2,88.05,137.8
01-05-2022,Hyderabad,2022,May,1.172,9.03,29,87.36,133.2
01-06-2022,Bengaluru,2022,Jun,1.285,9.89,28.3,84.77,129.5
01-06-2022,Mumbai,2022,Jun,1.435,7.56,25.7,87.46,165.5
01-06-2022,Delhi,2022,Jun,1.535,10.55,26.1,87.45,165.6
01-06-2022,Pune,2022,Jun,1.135,8.29,29.6,81.98,138.1
01-06-2022,Hyderabad,2022,Jun,1.185,7.56,29.8,82.88,142.8
01-07-2022,Bengaluru,2022,Jul,1.3,7.9,27.1,81.69,139.3
01-07-2022,Mumbai,2022,Jul,1.45,8.14,26.3,86.91,143.5
01-07-2022,Delhi,2022,Jul,1.55,7.55,28.3,88.14,158
01-07-2022,Pune,2022,Jul,1.15,8.68,30.6,83.68,136.3
01-07-2022,Hyderabad,2022,Jul,1.2,9.02,28.5,86.87,130.2
01-08-2022,Bengaluru,2022,Aug,1.29,9.5,23.6,88.38,111.1
01-08-2022,Mumbai,2022,Aug,1.44,8.1,31.5,85.37,132.9
01-08-2022,Delhi,2022,Aug,1.54,7.53,31.5,82.16,162.9
01-08-2022,Pune,2022,Aug,1.14,8.77,27,84.83,125.4
01-08-2022,Hyderabad,2022,Aug,1.19,9.88,30.9,82.56,133.6
01-09-2022,Bengaluru,2022,Sep,1.263,10.39,26.7,89.21,140.2
01-09-2022,Mumbai,2022,Sep,1.413,7.45,28,84.4,133.8
01-09-2022,Delhi,2022,Sep,1.513,8.95,26.9,81.64,146.7
01-09-2022,Pune,2022,Sep,1.113,6.68,27.9,84.18,125.8
01-09-2022,Hyderabad,2022,Sep,1.163,11.24,29.5,86.49,118.8
01-10-2022,Bengaluru,2022,Oct,1.267,9.1,27.4,87.82,128.7
01-10-2022,Mumbai,2022,Oct,1.417,8.5,28.2,86.33,140.3
01-10-2022,Delhi,2022,Oct,1.517,8.51,28.9,84.53,155.5
01-10-2022,Pune,2022,Oct,1.117,9.13,29.2,85.14,142.6
01-10-2022,Hyderabad,2022,Oct,1.167,8.56,28.8,86.21,153.6
01-11-2022,Bengaluru,2022,Nov,1.253,9.76,25.6,86.43,155.9
01-11-2022,Mumbai,2022,Nov,1.403,9.43,29.7,84.88,146.4
01-11-2022,Delhi,2022,Nov,1.503,8.54,27.8,85.42,152.1
01-11-2022,Pune,2022,Nov,1.103,7.92,27.8,83.28,138
01-11-2022,Hyderabad,2022,Nov,1.153,9.49,29.9,87.93,137
01-12-2022,Bengaluru,2022,Dec,1.288,9.2,29.2,84.94,163.7
01-12-2022,Mumbai,2022,Dec,1.438,8.3,28.1,86.87,150
01-12-2022,Delhi,2022,Dec,1.538,7.15,31.6,85.81,140.4
01-12-2022,Pune,2022,Dec,1.138,10.27,30.7,83.47,153.3
01-12-2022,Hyderabad,2022,Dec,1.188,9.63,29.4,89.18,139.1
01-01-2023,Bengaluru,2023,Jan,1.319,8.17,29.8,89.95,142.9
01-01-2023,Mumbai,2023,Jan,1.469,8.01,28.9,88.86,135.4
01-01-2023,Delhi,2023,Jan,1.569,7.19,29.7,83.8,154.8
01-01-2023,Pune,2023,Jan,1.169,8.39,31.2,88.01,143.4
01-01-2023,Hyderabad,2023,Jan,1.219,8.48,28.8,90.47,134.1
01-02-2023,Bengaluru,2023,Feb,1.34,7.77,29.2,90.85,150.2
01-02-2023,Mumbai,2023,Feb,1.49,11.26,27.1,86.24,139.7
01-02-2023,Delhi,2023,Feb,1.59,9.75,29.6,89.2,142.4
01-02-2023,Pune,2023,Feb,1.19,9.88,26.2,91.32,166.2
01-02-2023,Hyderabad,2023,Feb,1.24,9.4,29.8,88.01,121.5
01-03-2023,Bengaluru,2023,Mar,1.308,7.65,25.7,92.44,145
01-03-2023,Mumbai,2023,Mar,1.458,9.42,28,88.65,158
01-03-2023,Delhi,2023,Mar,1.558,8.92,29.7,88.61,148.9
01-03-2023,Pune,2023,Mar,1.158,7.27,24.6,88.48,136.9
01-03-2023,Hyderabad,2023,Mar,1.208,7.42,28.5,89.11,116.8
01-04-2023,Bengaluru,2023,Apr,1.302,9.45,29.4,86.69,143.7
01-04-2023,Mumbai,2023,Apr,1.452,10.19,30.2,88.81,143.4
01-04-2023,Delhi,2023,Apr,1.552,8.2,29.5,89.39,158.4
01-04-2023,Pune,2023,Apr,1.152,9.12,30.2,89.19,143.9
01-04-2023,Hyderabad,2023,Apr,1.202,10,27,85.38,153.5
01-05-2023,Bengaluru,2023,May,1.325,6.9,27.2,90.54,140.2
01-05-2023,Mumbai,2023,May,1.475,8.35,31.4,86.91,141
01-05-2023,Delhi,2023,May,1.575,9.21,29.4,89.99,162.1
01-05-2023,Pune,2023,May,1.175,9.2,29.6,88.48,137.6
01-05-2023,Hyderabad,2023,May,1.225,9.09,29,90.55,144.6
01-06-2023,Bengaluru,2023,Jun,1.321,7.99,28.7,88.94,144.8
01-06-2023,Mumbai,2023,Jun,1.471,11.61,27.6,89.84,159.5
01-06-2023,Delhi,2023,Jun,1.571,9.08,33.3,88.24,156.1
01-06-2023,Pune,2023,Jun,1.171,8,27.9,89.5,145.3
01-06-2023,Hyderabad,2023,Jun,1.221,9.34,31.1,88.81,135.5
01-07-2023,Bengaluru,2023,Jul,1.374,9.43,27.2,87.61,135.5
01-07-2023,Mumbai,2023,Jul,1.524,10.08,27.9,89.25,150.3
01-07-2023,Delhi,2023,Jul,1.624,9.84,26.9,86.85,157.2
01-07-2023,Pune,2023,Jul,1.224,9.68,29.3,87.38,145.7
01-07-2023,Hyderabad,2023,Jul,1.274,8.07,27.6,87.11,154
01-08-2023,Bengaluru,2023,Aug,1.333,9.69,31.1,94.63,126.2
01-08-2023,Mumbai,2023,Aug,1.483,8.07,27.4,87.3,138.5
01-08-2023,Delhi,2023,Aug,1.583,8.6,26.2,89.67,153.8
01-08-2023,Pune,2023,Aug,1.183,9.54,29.6,90.21,133.6
01-08-2023,Hyderabad,2023,Aug,1.233,11.51,29.1,85.28,129.3
01-09-2023,Bengaluru,2023,Sep,1.285,8.98,28.4,88.06,161.5
01-09-2023,Mumbai,2023,Sep,1.435,9.62,30.1,87.14,137.4
01-09-2023,Delhi,2023,Sep,1.535,9,28.9,85.29,149.6
01-09-2023,Pune,2023,Sep,1.135,8.98,28.2,87.37,130
01-09-2023,Hyderabad,2023,Sep,1.185,8.75,28.8,90.21,148.2
01-10-2023,Bengaluru,2023,Oct,1.314,8.41,29.5,90.22,138.2
01-10-2023,Mumbai,2023,Oct,1.464,9.91,30.6,91.58,166.3
01-10-2023,Delhi,2023,Oct,1.564,7.92,28.6,89.02,151.6
01-10-2023,Pune,2023,Oct,1.164,8.18,25.6,89.19,128.9
01-10-2023,Hyderabad,2023,Oct,1.214,9.06,27,86.8,140.9
01-11-2023,Bengaluru,2023,Nov,1.323,9.66,33,89.55,147.8
01-11-2023,Mumbai,2023,Nov,1.473,7.67,26,92.17,139.7
01-11-2023,Delhi,2023,Nov,1.573,7.71,28.5,88.82,143.9
01-11-2023,Pune,2023,Nov,1.173,8.59,31.1,87.39,123
01-11-2023,Hyderabad,2023,Nov,1.223,10.09,29.6,87.76,123.1
01-12-2023,Bengaluru,2023,Dec,1.305,8.89,30.9,86.93,141.4
01-12-2023,Mumbai,2023,Dec,1.455,9.77,23.8,91.07,136.4
01-12-2023,Delhi,2023,Dec,1.555,9.36,29.1,91.17,157.7
01-12-2023,Pune,2023,Dec,1.155,6.11,27,89.28,134.3
01-12-2023,Hyderabad,2023,Dec,1.205,9.53,30.2,90.22,136.1
01-01-2024,Bengaluru,2024,Jan,1.323,8.53,28.6,89.82,149.2
01-01-2024,Mumbai,2024,Jan,1.473,10.17,28.1,85.87,136.1
01-01-2024,Delhi,2024,Jan,1.573,11.34,26.7,88.03,165.3
01-01-2024,Pune,2024,Jan,1.173,9.1,30,92.55,141.5
01-01-2024,Hyderabad,2024,Jan,1.223,9.52,29.2,96.55,148.6
01-02-2024,Bengaluru,2024,Feb,1.328,9.62,30.1,94.41,138.9
01-02-2024,Mumbai,2024,Feb,1.478,10.48,29.7,97.15,141.6
01-02-2024,Delhi,2024,Feb,1.578,8.47,27.2,91.02,144.2
01-02-2024,Pune,2024,Feb,1.178,5.76,26.9,92.74,132.2
01-02-2024,Hyderabad,2024,Feb,1.228,11.4,27.8,94.58,141.7
01-03-2024,Bengaluru,2024,Mar,1.377,9.42,30.5,92.11,150
01-03-2024,Mumbai,2024,Mar,1.527,9.52,27.2,92.81,173.4
01-03-2024,Delhi,2024,Mar,1.627,8.76,28.6,94.52,166.5
01-03-2024,Pune,2024,Mar,1.227,9.09,23,93.03,116.9
01-03-2024,Hyderabad,2024,Mar,1.277,10.84,28.1,94,132.1
01-04-2024,Bengaluru,2024,Apr,1.329,9.39,27.7,91.02,144
01-04-2024,Mumbai,2024,Apr,1.479,12.4,29.5,94.1,157.6
01-04-2024,Delhi,2024,Apr,1.579,10.86,27.4,87.89,151.3
01-04-2024,Pune,2024,Apr,1.179,10.05,25.9,91.65,130.2
01-04-2024,Hyderabad,2024,Apr,1.229,10.88,29.3,93.3,145.4
01-05-2024,Bengaluru,2024,May,1.359,9.32,25.4,87.63,145.9
01-05-2024,Mumbai,2024,May,1.509,9.47,30.2,95.14,166.1
01-05-2024,Delhi,2024,May,1.609,7.88,27.1,92.96,179.7
01-05-2024,Pune,2024,May,1.209,10.86,30,91.22,129.5
01-05-2024,Hyderabad,2024,May,1.259,10.03,25.6,91.52,139.2
01-06-2024,Bengaluru,2024,Jun,1.392,8.65,22.9,93.01,138.7
01-06-2024,Mumbai,2024,Jun,1.542,9.13,27.6,91.45,159.6
01-06-2024,Delhi,2024,Jun,1.642,7.24,26.8,93.37,149.5
01-06-2024,Pune,2024,Jun,1.242,7.15,29.1,94.25,139.2
01-06-2024,Hyderabad,2024,Jun,1.292,6.73,29.2,88.68,144.8
01-07-2024,Bengaluru,2024,Jul,1.342,7.69,26.9,91.63,137.2
01-07-2024,Mumbai,2024,Jul,1.492,9.79,26.9,93.96,152.5
01-07-2024,Delhi,2024,Jul,1.592,8.24,26.1,88.71,156.6
01-07-2024,Pune,2024,Jul,1.192,8.65,23.1,90.93,128.7
01-07-2024,Hyderabad,2024,Jul,1.242,10.97,24.4,89.12,150.8
01-08-2024,Bengaluru,2024,Aug,1.387,8.19,26.5,93.23,122.2
01-08-2024,Mumbai,2024,Aug,1.537,6.85,27.2,95.1,147.1
01-08-2024,Delhi,2024,Aug,1.637,9.2,30.1,96.21,149.7
01-08-2024,Pune,2024,Aug,1.237,9.06,31.4,88.96,149.8
01-08-2024,Hyderabad,2024,Aug,1.287,7.86,28,91.51,131.9
01-09-2024,Bengaluru,2024,Sep,1.34,9.41,29.8,91.74,144.3
01-09-2024,Mumbai,2024,Sep,1.49,9.77,25.9,93.48,157.8
01-09-2024,Delhi,2024,Sep,1.59,12.2,27,91.08,161.3
01-09-2024,Pune,2024,Sep,1.19,10.06,26.7,91.19,143
01-09-2024,Hyderabad,2024,Sep,1.24,8.09,27,92.18,149.6
01-10-2024,Bengaluru,2024,Oct,1.348,6.87,24,89.48,130.8
01-10-2024,Mumbai,2024,Oct,1.498,8.89,25.4,90.59,142.2
01-10-2024,Delhi,2024,Oct,1.598,8.55,30.4,93.32,154.1
01-10-2024,Pune,2024,Oct,1.198,8.53,26.9,92.66,143.8
01-10-2024,Hyderabad,2024,Oct,1.248,7.99,27.9,87.94,142
01-11-2024,Bengaluru,2024,Nov,1.375,8.74,31.4,90.24,147.2
01-11-2024,Mumbai,2024,Nov,1.525,9.04,27.6,91.77,152.1
01-11-2024,Delhi,2024,Nov,1.625,10.1,30.6,92,163.2
01-11-2024,Pune,2024,Nov,1.225,8.24,29.3,90.48,149.9
01-11-2024,Hyderabad,2024,Nov,1.275,11.73,27.6,87.61,135.5
01-12-2024,Bengaluru,2024,Dec,1.385,9.74,28.3,94.02,150.2
01-12-2024,Mumbai,2024,Dec,1.535,10.54,29.6,95.04,155
01-12-2024,Delhi,2024,Dec,1.635,10.17,27.2,90.8,172.5
01-12-2024,Pune,2024,Dec,1.235,9.34,29.4,92.25,133.5
01-12-2024,Hyderabad,2024,Dec,1.285,9.09,30.7,93.11,124.3
01-01-2025,Bengaluru,2025,Jan,1.396,11.34,26.6,91.4,164.8
01-01-2025,Mumbai,2025,Jan,1.546,10.02,26.9,94.26,162.7
01-01-2025,Delhi,2025,Jan,1.646,8.55,29.3,96.08,158.3
01-01-2025,Pune,2025,Jan,1.246,9.37,26.7,97.09,131.2
01-01-2025,Hyderabad,2025,Jan,1.296,7.25,28.2,96.26,146.6
01-02-2025,Bengaluru,2025,Feb,1.408,8.82,28.6,94.91,141.4
01-02-2025,Mumbai,2025,Feb,1.558,8.83,31,91.53,157.3
01-02-2025,Delhi,2025,Feb,1.658,7.19,26.8,94.13,135.5
01-02-2025,Pune,2025,Feb,1.258,9.67,26.2,90.8,148.7
01-02-2025,Hyderabad,2025,Feb,1.308,10.92,30,95.72,142.8
01-03-2025,Bengaluru,2025,Mar,1.427,11.22,29.3,93.12,149.1
01-03-2025,Mumbai,2025,Mar,1.577,9.73,23.4,95.94,175.8
01-03-2025,Delhi,2025,Mar,1.677,9.97,29.9,95.37,156.3
01-03-2025,Pune,2025,Mar,1.277,9.66,25.4,93.07,153.7
01-03-2025,Hyderabad,2025,Mar,1.327,10.85,25,96.94,142.2
01-04-2025,Bengaluru,2025,Apr,1.407,9.75,29,95.17,160.4
01-04-2025,Mumbai,2025,Apr,1.557,9.57,28.2,93.33,173.9
01-04-2025,Delhi,2025,Apr,1.657,9.76,28.4,91.78,148.1
01-04-2025,Pune,2025,Apr,1.257,10.69,27.6,91.17,150.7
01-04-2025,Hyderabad,2025,Apr,1.307,8.55,29.8,94.82,144.3
01-05-2025,Bengaluru,2025,May,1.424,8.12,25,94.61,155.2
01-05-2025,Mumbai,2025,May,1.574,7.6,23.7,96.65,146.9
01-05-2025,Delhi,2025,May,1.674,8.73,23.3,93.64,156.9
01-05-2025,Pune,2025,May,1.274,10.32,25.5,98.31,134.1
01-05-2025,Hyderabad,2025,May,1.324,8.38,30.1,95.42,137.4
01-06-2025,Bengaluru,2025,Jun,1.397,10.82,29.9,93.37,145.5
01-06-2025,Mumbai,2025,Jun,1.547,9.31,25,94.89,151.9
01-06-2025,Delhi,2025,Jun,1.647,10.57,29.4,94.34,153.7
01-06-2025,Pune,2025,Jun,1.247,10,25.8,96.18,139
01-06-2025,Hyderabad,2025,Jun,1.297,8.04,25.1,97.89,140.3
01-07-2025,Bengaluru,2025,Jul,1.433,8.58,27.6,99.79,136.7
01-07-2025,Mumbai,2025,Jul,1.583,6.92,29.6,93.35,153.1
01-07-2025,Delhi,2025,Jul,1.683,8.5,27.5,93.1,155.5
01-07-2025,Pune,2025,Jul,1.283,9.74,25,93.6,137.8
01-07-2025,Hyderabad,2025,Jul,1.333,7.49,26.2,95.24,139.3
01-08-2025,Bengaluru,2025,Aug,1.395,9.18,25.7,96.38,160.2
01-08-2025,Mumbai,2025,Aug,1.545,8.64,28,94.52,155.5
01-08-2025,Delhi,2025,Aug,1.645,11.08,28,91.45,160.3
01-08-2025,Pune,2025,Aug,1.245,10.68,26.6,96.99,132.9
01-08-2025,Hyderabad,2025,Aug,1.295,7.42,27.3,91.49,139.4
01-09-2025,Bengaluru,2025,Sep,1.426,6.91,24.4,92.94,146.4
01-09-2025,Mumbai,2025,Sep,1.576,8.76,29.8,96.91,158
01-09-2025,Delhi,2025,Sep,1.676,9.37,27.8,93.28,165.6
01-09-2025,Pune,2025,Sep,1.276,7.87,28.7,97.37,143.1
01-09-2025,Hyderabad,2025,Sep,1.326,8.99,27.8,89.28,146.1
01-10-2025,Bengaluru,2025,Oct,1.398,9.14,28.4,94.85,134.5
01-10-2025,Mumbai,2025,Oct,1.548,9.03,27.1,95.23,153.5
01-10-2025,Delhi,2025,Oct,1.648,10.45,24.8,95.35,168.8
01-10-2025,Pune,2025,Oct,1.248,7.12,27.4,93.83,136.2
01-10-2025,Hyderabad,2025,Oct,1.298,8.11,26.7,98.68,129.3
01-11-2025,Bengaluru,2025,Nov,1.377,7.64,30.5,94.08,144.8
01-11-2025,Mumbai,2025,Nov,1.527,8.72,25.1,94.53,175.7
01-11-2025,Delhi,2025,Nov,1.627,10.87,25.3,96.3,146.8
01-11-2025,Pune,2025,Nov,1.227,7.07,29,97.32,149.5
01-11-2025,Hyderabad,2025,Nov,1.277,8.64,26.7,96.5,145
01-12-2025,Bengaluru,2025,Dec,1.392,7.26,27.2,97.16,133.7
01-12-2025,Mumbai,2025,Dec,1.542,9.97,27.7,96.5,160.4
01-12-2025,Delhi,2025,Dec,1.642,8.37,23.8,93.93,164.6
01-12-2025,Pune,2025,Dec,1.242,8.55,25.6,91.36,157.2
01-12-2025,Hyderabad,2025,Dec,1.292,10.19,28.5,96.94,147.4
